{
  "gradient_norm": {
    "mean": 9.09603858947754,
    "std": 0.1850945440218928,
    "cv_percent": 2.034891807033597,
    "values": [
      9.438009262084961,
      8.981093597412109,
      8.95009822845459,
      8.964507865905762,
      9.146483993530273
    ]
  },
  "gradient_variance": {
    "mean": 0.11307524775764614,
    "std": 0.1035009998767073,
    "cv_percent": 91.53285261734796,
    "values": [
      0.2909052727274684,
      0.009721181870336295,
      0.15541687347336847,
      0.09100319182376551,
      0.01832971889329201
    ]
  },
  "loss_at_init": {
    "mean": 11.164357757568359,
    "std": 0.10636732365821991,
    "cv_percent": 0.952740193103478,
    "values": [
      11.365875625610352,
      11.116132926940917,
      11.146792793273926,
      11.141855430603027,
      11.051132011413575
    ]
  },
  "sam_sharpness": {
    "mean": 0.4411775588989258,
    "std": 0.007638681943446232,
    "cv_percent": 1.7314303026905005,
    "values": [
      0.44051551818847656,
      0.44359302520751953,
      0.4272489547729492,
      0.4443197250366211,
      0.4502105712890625
    ]
  },
  "hutchinson_trace": {
    "mean": 227.4150946044922,
    "std": 310.6636509945988,
    "cv_percent": 136.60643394621098,
    "values": [
      -350.9405647277832,
      463.2515449523926,
      529.924900817871,
      255.57029418945314,
      239.26929779052733
    ]
  },
  "top_eigenvalue": {
    "mean": 17.712741088867187,
    "std": 195.53669376691445,
    "cv_percent": 1103.9324336413024,
    "values": [
      -306.6263427734375,
      128.3415069580078,
      -106.19271850585938,
      160.12310791015625,
      212.91815185546875
    ]
  }
}